<!DOCTYPE hibernate-configuration PUBLIC
        "-//Hibernate/Hibernate Configuration DTD//EN"
        "http://www.hibernate.org/dtd/hibernate-configuration-3.0.dtd">
<hibernate-configuration>
    <session-factory>
        <!-- Database connection settings -->
        <property name="hibernate.connection.driver_class">com.mysql.jdbc.Driver</property>
        <property name="hibernate.connection.url">jdbc:mysql://localhost:3306/proj1</property>
        <property name="hibernate.connection.username">root</property>
        <property name="hibernate.connection.password">Password123#@!</property>

        <!-- SQL dialect -->
        <property name="hibernate.dialect">org.hibernate.dialect.MySQL5Dialect</property>

        <!-- Enable Hibernate's automatic session context management -->
        <property name="current_session_context_class">thread</property>

        <!-- Set the hbm2ddl.auto property to validate to avoid any modifications to the schema -->
        <property name="hibernate.hbm2ddl.auto">validate</property>

        <!-- Mapping class -->
        <mapping class="com.tut.ProjectName19.Project" />
    </session-factory>
</hibernate-configuration>
